{"cameraMode":{"drawMode":0,"name":"Shaded","section":"Shading Mode"},"sceneLighting":true,"audioPlay":false,"sceneViewState":{"m_AlwaysRefresh":false,"showFog":true,"showSkybox":true,"showFlares":true,"showImageEffects":true,"showParticleSystems":true,"showVisualEffectGraphs":true,"m_FxEnabled":true},"in2DMode":false,"pivot":{"x":0.13937675952911378,"y":0.7612011432647705,"z":-0.2200021743774414},"rotation":{"x":-0.1726374626159668,"y":0.5940301418304443,"z":-0.13239648938179017,"w":-0.774496853351593},"size":1.0987462997436524,"orthographic":false}